Emp ID,First Name,Last Name,Gender,Email address,Date of Birth,Phone No. ,Date of Joining,Experience in years,Project ID,Project name ,Supervisor ID,Supervisor Name,Salary Id,Salary,Hike,Rollon date,Rolloff date,Career level,Work location,Designation,Fiscal year
E001,Sandya,Nandakumar,F,sandya.nandakumar@gmail.com,20/3/1997,9500398209,19/8/2016,3,P001,Cigna,E100,Aravind Vasudevan,S001,25000,0,10/9/2016,10/9/2017,12,Chennai,ASE,FY16
E002,Durga,Saravanan,F,durga.saravanan@gmail.com,3/5/1995,8870632455,9/5/2017,2,P001,Cigna,E100,Aravind Vasudevan,S002,25000,0,9/6/2017,10/6/2018,12,Chennai,ASE,FY17
E003,Deecha,Kannapan,F,deecha.kannapan@gmail.com,21/7/1992,9687687866,7/5/2018,1,P002,Pfizer,E101,Vignesh,S003,30000,20,10/6/2018,31/12/2099,11,Bangalore,SE,FY19
E004,Ranjith,Ashok kumar,M,ranjith.ashok kumar@gmail.com,7/5/1990,9767565645,9/2/2017,2,P002,Pfizer,E101,Vignesh,S004,40000,10,10/3/2017,31/12/2099,10,Bangalore,SSE,FY19
E005,Swathi,Vimalraj,F,swathi.vimalraj@gmail.com,8/9/1991,8675645434,8/5/2017,1,P003,Catapillar,E102,Gopi,S005,40000,7,15/6/2017,31/12/2099,10,Chennai,SSE,FY19
E002,Durga,Saravanan,F,durga.saravanan@gmail.com,3/5/1995,8870632455,9/5/2017,2,P005,Citibank,E104,Harini,S006,30000,20,11/6/2018,10/12/2018,11,Hyderabad,SE,FY18
E001,Sandya,Nandakumar,F,sandya.nandakumar@gmail.com,20/3/1997,9500398209,19/4/2016,3,P004,Anthem,E105,Meena,S007,30000,20,11/9/2017,31/12/2099,11,Pune,SE,FY19
E002,Durga,Saravanan,F,durga.saravanan@gmail.com,3/5/1995,8870632455,9/5/2017,2,P006,Kaiser,E106,Charu,S008,34500,15,12/12/2018,31/12/2099,10,Chennai,SSE,FY19
E006,Aravind,Vasudevan,M,aravind.vasudevan@gmail.com,8/1/1980,9813982388,10/1/2000,19,P001,Cigna,E107,David,S009,80000,27,10/3/2000,31/12/2099,7,Chennai,M,FY19
E007,Vignesh,Selvam,M,vignesh.selvam@gmail.com,10/1/1981,7986979679,10/2/2001,18,P002,Pfizer,E108,David,S010,86000,20,10/4/2001,31/12/2099,7,Bangalore,M,FY19
E008,Gopi,Krishna,M,gopi.krishna@gmail.com,20/1/1980,9489839885,20/3/2000,19,P003,Catapillar,E109,David,S011,90000,22,20/5/2000,31/12/2099,7,Chennai,M,FY19
E009,Harini,Vijayaraghavan,F,harini.vijayaraghavan@gmail.com,30/5/1982,8299328498,30/5/2000,19,P005,Citibank,E110,David,S012,87000,16,25/7/2000,31/12/2099,7,Hyderabad,M,FY19
E010,Meena,Lakshmi,F,meena.lakshmi@gmail.com,22/1/1980,8768456859,25/5/2001,18,P004,Anthem,E103,David,S013,89000,17,30/7/2001,31/12/2099,7,Pune,M,FY19
E011,Charu,Latha,F,charu.latha@gmail.com,3/1/1982,9867867868,7/5/2002,17,P006,Kaiser,E111,David,S014,90000,25,18/7/2002,31/12/2099,7,Chennai,M,FY19
E200,David,Beckham,M,david.beckham@gmail.com,5/1/1975,8234898498,5/1/1995,24,P010,HDFC,E200,David,S015,200000,50,5/3/1995,31/12/2099,2,Mumbai,CEO,FY19
